participant,item_type,response,correct,rt_ms
1,new,old,0,1176
1,old,old,1,704
1,old,old,1,1039
1,old,old,1,953
1,old,new,0,1410
1,new,new,1,887
1,old,old,1,832
1,new,new,1,752
1,new,new,1,948
1,new,new,1,1055
1,old,old,1,483
1,old,old,1,1124
1,new,old,0,1166
1,old,new,0,983
1,old,old,1,660
1,new,new,1,711
1,new,new,1,944
1,old,old,1,807
1,new,new,1,1028
1,old,old,1,975
1,new,new,1,957
1,old,old,1,1009
1,old,old,1,704
1,old,new,0,967
1,new,new,1,862
1,new,new,1,615
1,old,old,1,617
1,new,new,1,687
1,old,old,1,1091
1,new,new,1,873
1,new,new,1,695
1,new,new,1,1023
1,old,old,1,812
1,new,new,1,1060
1,old,old,1,1056
1,old,old,1,770
1,old,old,1,634
1,new,new,1,1039
1,old,old,1,737
1,new,new,1,729
1,new,new,1,1040
1,new,new,1,1162
1,new,old,0,983
1,new,new,1,759
1,old,old,1,972
1,new,old,0,1144
1,old,old,1,816
1,new,new,1,500
1,old,old,1,914
1,old,old,1,828
1,old,new,0,1170
1,old,new,0,1063
1,new,new,1,1021
1,new,new,1,754
1,new,new,1,772
1,new,new,1,893
1,new,new,1,1019
1,new,new,1,1009
1,new,new,1,731
1,new,new,1,604
1,old,new,0,1174
1,new,new,1,479
1,new,new,1,694
1,new,new,1,827
1,old,old,1,871
1,new,new,1,823
1,old,new,0,995
1,new,new,1,603
1,old,old,1,766
1,new,new,1,882
1,new,new,1,592
1,new,old,0,759
1,new,new,1,1153
1,new,old,0,1084
1,new,new,1,637
1,old,new,0,1061
1,new,new,1,1028
1,old,old,1,912
1,old,old,1,829
1,old,old,1,938
1,old,old,1,706
1,old,old,1,728
1,old,old,1,764
1,old,old,1,1254
1,new,new,1,588
1,old,old,1,636
1,new,new,1,850
1,old,new,0,1084
1,old,old,1,955
1,old,old,1,970
1,old,old,1,753
1,new,old,0,1022
1,old,old,1,695
1,new,new,1,853
1,new,old,0,1245
1,old,old,1,870
1,old,old,1,814
1,new,new,1,776
1,new,new,1,783
1,new,new,1,1043
1,old,old,1,649
1,new,new,1,881
1,new,new,1,726
1,new,new,1,817
1,old,old,1,571
1,new,new,1,888
1,old,new,0,938
1,old,old,1,898
1,old,old,1,491
1,new,new,1,648
1,old,old,1,671
1,old,new,0,889
1,old,new,0,1143
1,old,old,1,688
1,old,old,1,743
1,new,new,1,852
1,old,old,1,682
1,old,old,1,967
1,old,new,0,1035
1,new,new,1,1167
2,old,new,0,911
2,new,new,1,1033
2,old,old,1,602
2,new,new,1,880
2,old,old,1,813
2,new,new,1,991
2,old,old,1,453
2,new,new,1,738
2,new,new,1,731
2,old,old,1,495
2,new,new,1,1070
2,old,old,1,856
2,new,new,1,836
2,new,old,0,1283
2,new,new,1,661
2,old,new,0,1141
2,new,new,1,562
2,new,new,1,954
2,new,new,1,552
2,old,old,1,606
2,old,old,1,888
2,new,new,1,531
2,new,new,1,1075
2,new,new,1,673
2,old,new,0,1048
2,new,new,1,1081
2,new,new,1,874
2,new,new,1,869
2,old,old,1,839
2,old,old,1,638
2,new,old,0,992
2,new,new,1,952
2,new,new,1,843
2,old,old,1,1090
2,new,new,1,1014
2,old,new,0,1386
2,new,new,1,789
2,new,new,1,736
2,old,old,1,949
2,old,new,0,1223
2,old,old,1,813
2,old,old,1,858
2,new,new,1,819
2,old,old,1,1063
2,new,old,0,1015
2,old,old,1,837
2,old,old,1,787
2,old,new,0,979
2,new,new,1,742
2,new,new,1,781
2,old,old,1,696
2,old,old,1,810
2,new,new,1,555
2,new,new,1,612
2,new,new,1,695
2,old,old,1,1122
2,new,new,1,707
2,new,new,1,846
2,new,new,1,634
2,new,new,1,674
2,new,new,1,681
2,new,new,1,694
2,new,new,1,757
2,old,old,1,834
2,old,old,1,895
2,old,old,1,1057
2,new,new,1,751
2,old,old,1,766
2,old,old,1,621
2,old,old,1,759
2,old,new,0,993
2,old,old,1,814
2,old,old,1,1116
2,old,old,1,864
2,new,new,1,590
2,new,new,1,519
2,old,old,1,662
2,new,new,1,649
2,new,new,1,1308
2,new,new,1,993
2,new,new,1,661
2,old,old,1,903
2,new,new,1,994
2,old,old,1,842
2,old,new,0,1170
2,old,old,1,750
2,old,old,1,907
2,old,old,1,884
2,old,old,1,687
2,old,old,1,735
2,new,old,0,1007
2,new,old,0,1153
2,new,new,1,1066
2,old,old,1,522
2,new,old,0,1054
2,old,new,0,1049
2,new,old,0,1090
2,new,new,1,731
2,old,old,1,563
2,new,new,1,605
2,old,new,0,1412
2,old,old,1,671
2,new,new,1,889
2,new,new,1,1047
2,old,old,1,726
2,old,new,0,1149
2,old,old,1,680
2,new,new,1,778
2,old,old,1,1124
2,old,old,1,813
2,old,old,1,801
2,new,old,0,1022
2,old,old,1,650
2,new,old,0,931
2,new,new,1,868
2,old,old,1,1053
2,new,new,1,665
2,old,new,0,1118
2,old,new,0,926
2,old,old,1,1159
3,old,old,1,716
3,new,old,0,758
3,new,new,1,715
3,new,new,1,877
3,new,new,1,722
3,new,new,1,739
3,old,old,1,786
3,new,new,1,843
3,new,new,1,783
3,old,old,1,1019
3,old,old,1,981
3,old,old,1,662
3,new,new,1,682
3,old,old,1,656
3,old,old,1,751
3,new,new,1,983
3,old,old,1,674
3,new,new,1,856
3,old,old,1,838
3,old,new,0,1118
3,old,new,0,1364
3,new,old,0,1404
3,new,old,0,1209
3,old,old,1,623
3,new,new,1,813
3,old,old,1,893
3,old,old,1,633
3,new,new,1,743
3,old,old,1,667
3,new,new,1,944
3,new,new,1,710
3,new,new,1,607
3,old,old,1,875
3,old,old,1,342
3,new,new,1,872
3,new,old,0,1120
3,new,new,1,858
3,old,old,1,710
3,old,old,1,838
3,new,new,1,920
3,new,old,0,1016
3,old,old,1,550
3,old,old,1,1060
3,new,new,1,704
3,old,old,1,862
3,new,new,1,759
3,old,old,1,927
3,old,old,1,773
3,new,old,0,1561
3,new,new,1,1029
3,new,new,1,810
3,old,new,0,781
3,new,new,1,918
3,old,old,1,735
3,old,new,0,1025
3,new,new,1,1203
3,new,new,1,1259
3,new,new,1,952
3,old,old,1,926
3,old,new,0,994
3,old,old,1,394
3,new,old,0,1102
3,new,new,1,789
3,new,new,1,834
3,old,old,1,783
3,new,new,1,1010
3,new,new,1,810
3,old,old,1,844
3,new,new,1,1251
3,old,old,1,509
3,new,old,0,965
3,old,new,0,1003
3,old,new,0,1092
3,new,new,1,813
3,new,new,1,1008
3,new,new,1,870
3,old,old,1,750
3,new,new,1,685
3,new,new,1,973
3,old,old,1,679
3,old,old,1,578
3,old,old,1,905
3,old,new,0,1069
3,old,old,1,984
3,new,new,1,1135
3,old,new,0,876
3,new,new,1,590
3,new,old,0,1229
3,old,old,1,831
3,old,new,0,869
3,old,old,1,1042
3,old,old,1,739
3,new,old,0,1310
3,new,new,1,735
3,old,old,1,1099
3,new,new,1,355
3,old,old,1,831
3,new,new,1,874
3,new,new,1,1013
3,new,new,1,1270
3,old,old,1,777
3,old,old,1,577
3,old,old,1,655
3,old,old,1,662
3,old,old,1,877
3,old,old,1,849
3,new,new,1,816
3,new,new,1,593
3,new,new,1,973
3,new,old,0,906
3,new,old,0,1139
3,old,old,1,476
3,old,old,1,770
3,old,old,1,1082
3,old,old,1,817
3,old,new,0,1154
3,new,old,0,1121
3,new,new,1,1159
3,new,new,1,844
3,old,old,1,833
4,old,old,1,840
4,old,old,1,728
4,old,old,1,729
4,new,old,0,749
4,new,new,1,957
4,old,old,1,906
4,new,old,0,1234
4,old,old,1,589
4,new,old,0,1138
4,old,old,1,733
4,old,new,0,962
4,new,old,0,1199
4,old,old,1,654
4,new,old,0,1082
4,new,old,0,1065
4,new,old,0,1305
4,old,old,1,752
4,new,old,0,986
4,old,old,1,605
4,old,old,1,949
4,old,old,1,1087
4,old,old,1,864
4,new,old,0,1355
4,old,old,1,766
4,new,old,0,1108
4,old,old,1,713
4,old,new,0,1012
4,new,old,0,1226
4,old,old,1,1072
4,new,old,0,1120
4,new,new,1,811
4,new,new,1,542
4,new,new,1,908
4,new,old,0,1220
4,old,old,1,1312
4,old,old,1,542
4,old,new,0,1014
4,old,old,1,1129
4,new,new,1,915
4,new,old,0,1233
4,old,old,1,1118
4,new,new,1,696
4,old,old,1,1206
4,new,old,0,1511
4,new,old,0,1309
4,old,old,1,868
4,old,old,1,985
4,new,new,1,745
4,new,new,1,1106
4,new,new,1,870
4,old,old,1,895
4,new,new,1,796
4,new,old,0,1258
4,old,old,1,914
4,new,new,1,863
4,new,old,0,857
4,old,old,1,730
4,new,old,0,1073
4,new,new,1,1095
4,old,old,1,977
4,new,old,0,980
4,old,old,1,632
4,new,new,1,1031
4,old,old,1,898
4,new,new,1,886
4,old,new,0,983
4,new,old,0,999
4,old,old,1,975
4,old,old,1,684
4,old,old,1,903
4,old,new,0,830
4,new,old,0,1167
4,new,old,0,1132
4,old,old,1,864
4,old,new,0,1169
4,new,new,1,909
4,old,old,1,866
4,old,old,1,525
4,old,old,1,797
4,old,old,1,547
4,old,old,1,843
4,new,old,0,1300
4,old,old,1,963
4,old,old,1,991
4,new,new,1,1108
4,new,old,0,1054
4,old,new,0,933
4,new,new,1,850
4,new,old,0,1114
4,old,old,1,911
4,old,old,1,793
4,old,old,1,807
4,old,old,1,1101
4,old,old,1,771
4,new,new,1,1130
4,new,old,0,1244
4,new,new,1,670
4,new,old,0,829
4,new,old,0,1464
4,old,old,1,673
4,old,old,1,803
4,new,new,1,1076
4,new,new,1,703
4,new,old,0,1306
4,old,old,1,839
4,old,old,1,833
4,old,old,1,587
4,new,old,0,1085
4,old,old,1,1260
4,new,old,0,1075
4,new,new,1,827
4,new,old,0,957
4,old,new,0,964
4,new,new,1,1051
4,new,new,1,899
4,new,new,1,1006
4,new,new,1,861
4,new,old,0,1225
4,old,old,1,920
4,old,old,1,1182
5,old,old,1,792
5,new,new,1,839
5,new,old,0,1334
5,old,new,0,1022
5,old,old,1,719
5,old,old,1,687
5,old,old,1,953
5,new,old,0,861
5,old,old,1,1289
5,old,new,0,643
5,new,new,1,523
5,old,new,0,885
5,new,new,1,735
5,new,new,1,1346
5,old,new,0,1169
5,new,new,1,911
5,old,new,0,1120
5,old,old,1,561
5,old,old,1,821
5,old,old,1,701
5,new,new,1,949
5,new,old,0,1088
5,new,old,0,951
5,old,old,1,736
5,old,new,0,863
5,old,new,0,617
5,new,new,1,758
5,new,new,1,975
5,old,old,1,498
5,old,old,1,1213
5,new,new,1,718
5,old,new,0,988
5,new,new,1,1050
5,new,old,0,1197
5,new,new,1,743
5,old,new,0,982
5,old,old,1,659
5,new,new,1,839
5,new,new,1,602
5,old,old,1,642
5,new,new,1,654
5,new,new,1,783
5,old,old,1,858
5,new,new,1,700
5,old,old,1,931
5,new,old,0,1467
5,old,old,1,1008
5,new,new,1,741
5,new,new,1,906
5,new,new,1,940
5,new,new,1,852
5,new,new,1,921
5,old,old,1,702
5,old,new,0,1182
5,new,new,1,731
5,old,new,0,1008
5,new,new,1,946
5,old,new,0,693
5,old,old,1,674
5,old,new,0,801
5,new,new,1,744
5,old,old,1,1009
5,new,new,1,923
5,new,new,1,1055
5,old,old,1,592
5,old,old,1,824
5,old,new,0,1042
5,old,old,1,448
5,new,new,1,828
5,old,old,1,1186
5,new,new,1,1078
5,old,new,0,930
5,old,old,1,678
5,old,old,1,658
5,old,new,0,977
5,old,new,0,1128
5,new,new,1,879
5,new,new,1,809
5,new,new,1,1024
5,new,new,1,723
5,old,new,0,1369
5,new,new,1,898
5,new,new,1,870
5,new,new,1,840
5,new,new,1,1021
5,old,new,0,1010
5,new,old,0,673
5,new,new,1,832
5,old,new,0,875
5,old,new,0,1258
5,old,new,0,771
5,new,new,1,1095
5,new,old,0,878
5,old,new,0,803
5,old,new,0,1085
5,old,new,0,724
5,new,new,1,1003
5,old,old,1,835
5,new,new,1,704
5,new,new,1,1356
5,new,new,1,872
5,new,new,1,796
5,old,old,1,805
5,new,new,1,947
5,old,new,0,907
5,old,old,1,650
5,new,new,1,726
5,new,new,1,921
5,new,new,1,737
5,new,new,1,845
5,old,old,1,777
5,new,old,0,664
5,old,new,0,1152
5,old,old,1,450
5,old,new,0,1117
5,old,new,0,1045
5,old,old,1,853
5,new,new,1,717
5,new,new,1,855
5,new,new,1,848
6,new,new,1,1133
6,new,new,1,937
6,new,new,1,569
6,new,new,1,1053
6,old,new,0,1081
6,old,old,1,901
6,old,new,0,897
6,old,new,0,1013
6,old,old,1,683
6,new,new,1,1013
6,new,old,0,945
6,new,new,1,1014
6,new,new,1,528
6,old,old,1,889
6,new,new,1,1182
6,new,new,1,998
6,new,new,1,989
6,old,new,0,1126
6,old,old,1,785
6,old,new,0,945
6,new,new,1,635
6,new,old,0,1046
6,old,old,1,988
6,old,new,0,1262
6,old,old,1,827
6,new,new,1,839
6,new,new,1,639
6,old,old,1,1076
6,old,old,1,1123
6,new,new,1,982
6,new,new,1,817
6,old,new,0,983
6,new,new,1,463
6,old,old,1,1084
6,old,old,1,885
6,new,old,0,1134
6,old,old,1,1099
6,new,new,1,815
6,new,new,1,611
6,old,old,1,407
6,new,new,1,1109
6,new,new,1,971
6,old,new,0,1263
6,old,old,1,909
6,new,new,1,1022
6,new,old,0,1390
6,old,old,1,587
6,old,old,1,925
6,old,old,1,767
6,old,new,0,1026
6,new,old,0,1356
6,old,old,1,689
6,new,new,1,933
6,old,old,1,1010
6,old,old,1,954
6,old,old,1,887
6,old,old,1,1049
6,new,new,1,908
6,old,old,1,762
6,old,new,0,1044
6,new,new,1,859
6,new,new,1,556
6,old,old,1,835
6,new,new,1,815
6,new,new,1,473
6,new,new,1,957
6,old,new,0,928
6,new,new,1,1114
6,new,old,0,1038
6,old,new,0,776
6,new,new,1,691
6,old,old,1,1001
6,new,new,1,922
6,old,old,1,582
6,old,old,1,1165
6,new,new,1,692
6,new,new,1,629
6,new,new,1,595
6,new,old,0,1247
6,new,new,1,706
6,new,new,1,644
6,new,new,1,999
6,old,old,1,805
6,old,old,1,1030
6,new,old,0,1247
6,old,old,1,384
6,old,old,1,543
6,old,old,1,955
6,new,new,1,1126
6,new,old,0,1232
6,new,new,1,661
6,old,new,0,900
6,old,old,1,969
6,new,new,1,769
6,old,old,1,628
6,new,new,1,1016
6,old,old,1,1109
6,new,new,1,541
6,new,new,1,552
6,old,old,1,1358
6,old,old,1,909
6,new,new,1,665
6,new,new,1,875
6,old,old,1,989
6,old,new,0,1415
6,old,old,1,580
6,new,old,0,600
6,new,old,0,1423
6,new,new,1,958
6,new,new,1,629
6,old,new,0,981
6,new,new,1,953
6,new,new,1,921
6,old,new,0,791
6,old,old,1,1009
6,old,old,1,962
6,old,new,0,1241
6,old,new,0,953
6,old,old,1,686
6,old,old,1,992
7,new,new,1,1295
7,old,old,1,540
7,new,old,0,670
7,old,old,1,1155
7,old,old,1,727
7,new,old,0,1116
7,old,new,0,1334
7,new,old,0,649
7,old,new,0,818
7,new,new,1,894
7,new,old,0,980
7,old,old,1,814
7,old,old,1,686
7,new,new,1,872
7,old,old,1,1387
7,old,old,1,864
7,old,old,1,690
7,old,old,1,1001
7,new,old,0,695
7,new,old,0,1132
7,new,old,0,1005
7,new,new,1,868
7,old,old,1,349
7,new,old,0,1066
7,new,new,1,1040
7,new,new,1,683
7,new,old,0,903
7,old,old,1,1119
7,old,new,0,946
7,new,old,0,1381
7,old,old,1,890
7,old,new,0,1203
7,old,old,1,729
7,old,old,1,1116
7,new,new,1,1006
7,old,old,1,1113
7,new,old,0,1120
7,new,new,1,858
7,old,old,1,772
7,old,old,1,819
7,old,old,1,1063
7,old,old,1,643
7,new,new,1,605
7,old,old,1,721
7,new,new,1,1120
7,new,new,1,720
7,old,old,1,767
7,new,old,0,1334
7,old,old,1,945
7,old,old,1,1118
7,old,old,1,979
7,new,old,0,913
7,new,old,0,1080
7,new,new,1,932
7,old,old,1,848
7,old,old,1,931
7,new,old,0,1457
7,new,new,1,658
7,old,old,1,778
7,new,old,0,1398
7,new,new,1,721
7,new,new,1,737
7,new,old,0,986
7,new,old,0,842
7,old,old,1,1120
7,new,new,1,558
7,old,old,1,588
7,old,old,1,985
7,new,new,1,1096
7,new,old,0,1006
7,new,new,1,1036
7,old,old,1,677
7,new,new,1,938
7,new,new,1,755
7,old,old,1,736
7,new,old,0,1157
7,old,old,1,1146
7,old,old,1,868
7,old,old,1,900
7,new,old,0,1436
7,new,new,1,1293
7,new,old,0,970
7,new,new,1,903
7,old,old,1,829
7,old,old,1,784
7,old,old,1,830
7,new,old,0,753
7,old,old,1,767
7,new,old,0,1107
7,old,old,1,880
7,old,old,1,1089
7,old,old,1,984
7,old,old,1,876
7,new,new,1,916
7,old,old,1,983
7,old,old,1,505
7,new,new,1,831
7,new,old,0,906
7,new,old,0,979
7,old,old,1,757
7,old,old,1,1035
7,new,new,1,810
7,old,old,1,631
7,old,old,1,1033
7,old,new,0,1151
7,new,new,1,848
7,new,new,1,824
7,old,old,1,629
7,new,new,1,707
7,new,new,1,959
7,old,old,1,703
7,old,old,1,987
7,new,old,0,878
7,old,old,1,1171
7,new,new,1,923
7,old,old,1,661
7,new,new,1,953
7,new,old,0,949
7,new,new,1,1005
7,old,new,0,882
8,new,new,1,955
8,new,new,1,1296
8,new,new,1,1148
8,new,new,1,1016
8,old,new,0,1189
8,old,new,0,661
8,old,old,1,985
8,new,new,1,1034
8,old,old,1,538
8,old,old,1,847
8,old,new,0,1069
8,new,new,1,868
8,old,new,0,1116
8,new,new,1,1260
8,new,new,1,882
8,old,old,1,757
8,old,old,1,776
8,old,new,0,1217
8,old,old,1,819
8,new,new,1,1266
8,new,new,1,926
8,new,new,1,1093
8,new,old,0,1137
8,old,new,0,907
8,old,old,1,1035
8,new,new,1,438
8,old,old,1,832
8,new,old,0,960
8,new,new,1,892
8,old,old,1,1072
8,new,new,1,1073
8,new,new,1,828
8,old,old,1,993
8,old,old,1,683
8,old,old,1,1071
8,new,new,1,845
8,new,new,1,930
8,old,new,0,865
8,old,old,1,966
8,new,new,1,903
8,new,new,1,1147
8,old,new,0,1063
8,old,new,0,884
8,old,old,1,930
8,new,new,1,1093
8,old,new,0,1151
8,new,new,1,948
8,old,old,1,775
8,new,new,1,620
8,new,new,1,1230
8,old,old,1,751
8,new,new,1,940
8,new,new,1,637
8,old,old,1,658
8,new,new,1,689
8,old,old,1,1160
8,old,old,1,899
8,new,old,0,1057
8,old,old,1,977
8,new,new,1,922
8,new,new,1,870
8,old,old,1,729
8,new,new,1,859
8,new,new,1,879
8,old,new,0,919
8,old,old,1,421
8,old,new,0,1258
8,old,old,1,594
8,new,new,1,1109
8,new,new,1,819
8,new,new,1,709
8,old,old,1,730
8,old,old,1,923
8,old,new,0,841
8,new,new,1,646
8,new,new,1,865
8,new,new,1,1071
8,new,new,1,1007
8,old,new,0,1031
8,new,new,1,982
8,old,new,0,1007
8,old,old,1,708
8,old,old,1,713
8,new,new,1,724
8,old,new,0,1232
8,new,new,1,1076
8,old,old,1,712
8,new,new,1,987
8,old,old,1,603
8,old,new,0,718
8,new,new,1,782
8,old,old,1,937
8,old,old,1,722
8,new,new,1,625
8,old,old,1,465
8,new,new,1,862
8,old,old,1,651
8,new,new,1,938
8,new,new,1,1107
8,new,new,1,919
8,old,old,1,879
8,new,new,1,1305
8,new,old,0,1023
8,new,new,1,797
8,new,new,1,965
8,new,new,1,747
8,old,old,1,539
8,new,new,1,876
8,new,new,1,655
8,old,new,0,1453
8,old,old,1,916
8,old,new,0,794
8,new,new,1,811
8,old,old,1,1039
8,new,new,1,827
8,old,new,0,798
8,old,old,1,761
8,new,old,0,1063
8,old,old,1,1049
8,old,old,1,932
9,old,old,1,693
9,new,new,1,746
9,new,new,1,1352
9,new,new,1,1078
9,new,new,1,876
9,old,old,1,820
9,old,new,0,926
9,old,old,1,963
9,new,new,1,867
9,old,old,1,715
9,old,old,1,875
9,new,new,1,992
9,new,new,1,971
9,old,old,1,850
9,new,new,1,883
9,new,new,1,1175
9,new,new,1,978
9,new,new,1,1061
9,old,old,1,967
9,new,new,1,774
9,old,old,1,648
9,old,old,1,691
9,new,new,1,344
9,new,old,0,974
9,old,old,1,1088
9,old,old,1,760
9,old,old,1,911
9,new,old,0,1459
9,new,new,1,969
9,old,old,1,790
9,old,new,0,837
9,new,new,1,810
9,old,old,1,727
9,old,old,1,975
9,new,new,1,968
9,new,new,1,654
9,new,new,1,582
9,old,old,1,894
9,new,new,1,934
9,old,old,1,903
9,old,old,1,1122
9,old,old,1,957
9,new,new,1,899
9,old,old,1,823
9,new,old,0,1094
9,old,old,1,649
9,new,new,1,1124
9,old,old,1,1105
9,old,old,1,740
9,old,old,1,601
9,new,new,1,1278
9,old,old,1,789
9,new,new,1,1235
9,new,new,1,1015
9,new,new,1,1032
9,old,old,1,732
9,old,old,1,669
9,old,old,1,606
9,new,new,1,932
9,new,new,1,705
9,new,old,0,899
9,new,new,1,734
9,new,new,1,983
9,old,old,1,936
9,new,new,1,702
9,old,old,1,995
9,old,old,1,822
9,old,old,1,764
9,old,old,1,829
9,new,new,1,830
9,old,old,1,1069
9,new,new,1,909
9,new,new,1,753
9,old,old,1,938
9,old,old,1,1097
9,old,old,1,632
9,old,old,1,598
9,new,new,1,603
9,new,new,1,972
9,new,old,0,818
9,old,old,1,805
9,new,new,1,1197
9,old,old,1,855
9,old,old,1,782
9,old,old,1,1016
9,new,new,1,550
9,old,old,1,966
9,new,new,1,1079
9,old,old,1,689
9,old,old,1,709
9,new,new,1,987
9,new,new,1,616
9,new,new,1,946
9,old,old,1,574
9,old,old,1,1048
9,old,new,0,1031
9,new,new,1,870
9,old,old,1,833
9,new,new,1,1100
9,old,old,1,534
9,new,new,1,894
9,new,new,1,735
9,old,old,1,1025
9,old,old,1,837
9,new,new,1,815
9,old,old,1,850
9,new,new,1,811
9,new,new,1,853
9,new,new,1,978
9,new,old,0,887
9,new,new,1,1178
9,old,old,1,473
9,old,old,1,1336
9,new,new,1,460
9,old,new,0,952
9,new,new,1,519
9,old,old,1,701
9,old,old,1,870
9,new,new,1,995
9,new,new,1,634
10,old,old,1,655
10,old,old,1,918
10,old,old,1,596
10,old,old,1,962
10,new,new,1,793
10,new,new,1,769
10,old,new,0,684
10,new,new,1,957
10,old,old,1,868
10,new,new,1,731
10,new,old,0,1026
10,old,old,1,1032
10,new,old,0,1252
10,new,old,0,1054
10,old,old,1,738
10,old,old,1,866
10,old,old,1,782
10,old,old,1,658
10,new,new,1,740
10,old,old,1,752
10,old,old,1,744
10,old,old,1,745
10,old,old,1,557
10,old,old,1,680
10,old,old,1,704
10,new,new,1,1009
10,old,old,1,1063
10,old,old,1,781
10,new,new,1,1099
10,new,new,1,846
10,new,new,1,1022
10,old,old,1,788
10,new,old,0,384
10,old,old,1,720
10,new,new,1,606
10,new,new,1,519
10,old,old,1,729
10,old,old,1,546
10,old,old,1,872
10,new,new,1,920
10,old,new,0,1184
10,old,old,1,1102
10,new,new,1,1133
10,new,old,0,1112
10,old,new,0,1018
10,new,new,1,886
10,new,new,1,1187
10,old,old,1,651
10,new,new,1,805
10,old,new,0,1062
10,new,new,1,1046
10,old,old,1,1021
10,new,new,1,782
10,new,new,1,1124
10,old,old,1,705
10,old,old,1,938
10,old,old,1,720
10,old,new,0,1028
10,old,old,1,712
10,new,old,0,1093
10,old,new,0,1049
10,old,old,1,1041
10,new,new,1,925
10,new,old,0,1167
10,old,old,1,1007
10,new,new,1,1327
10,new,new,1,714
10,new,old,0,1113
10,new,new,1,828
10,old,old,1,1260
10,new,old,0,1355
10,new,new,1,834
10,new,old,0,1034
10,new,new,1,611
10,new,new,1,996
10,old,old,1,925
10,new,old,0,803
10,old,new,0,1078
10,new,new,1,655
10,old,old,1,802
10,old,old,1,646
10,old,old,1,506
10,old,old,1,802
10,new,new,1,806
10,new,new,1,809
10,old,new,0,1512
10,old,old,1,1007
10,new,new,1,805
10,new,old,0,765
10,new,old,0,1183
10,old,old,1,867
10,new,new,1,1158
10,old,old,1,808
10,old,old,1,1111
10,new,old,0,1294
10,new,new,1,838
10,new,new,1,1042
10,new,new,1,807
10,new,new,1,1061
10,new,old,0,1305
10,old,old,1,672
10,old,new,0,1036
10,new,new,1,978
10,new,new,1,981
10,old,old,1,1203
10,new,old,0,1116
10,new,new,1,770
10,new,old,0,1112
10,new,old,0,996
10,new,old,0,1095
10,old,old,1,708
10,old,old,1,1197
10,old,old,1,1228
10,new,new,1,824
10,new,old,0,982
10,old,new,0,1307
10,old,old,1,805
10,old,new,0,860
10,old,old,1,632
10,new,old,0,1222
11,new,new,1,1070
11,new,old,0,1239
11,new,new,1,950
11,old,old,1,1033
11,new,new,1,944
11,new,new,1,813
11,old,old,1,1150
11,old,old,1,1099
11,new,old,0,1135
11,new,new,1,926
11,old,old,1,1007
11,new,new,1,1031
11,new,old,0,1106
11,old,old,1,709
11,old,old,1,708
11,old,old,1,955
11,old,old,1,879
11,old,new,0,1053
11,new,new,1,952
11,old,old,1,840
11,old,new,0,1217
11,new,new,1,954
11,old,new,0,1260
11,new,new,1,973
11,old,old,1,918
11,new,new,1,948
11,old,old,1,1151
11,old,new,0,1206
11,old,old,1,588
11,new,new,1,668
11,new,new,1,979
11,new,new,1,734
11,old,old,1,714
11,new,old,0,1057
11,old,new,0,832
11,new,new,1,933
11,old,old,1,795
11,new,new,1,700
11,old,old,1,862
11,old,old,1,729
11,new,new,1,647
11,new,old,0,1575
11,old,new,0,1404
11,new,new,1,592
11,new,new,1,966
11,new,new,1,830
11,new,new,1,957
11,new,new,1,869
11,old,old,1,1195
11,old,new,0,1003
11,old,new,0,645
11,old,old,1,1052
11,old,old,1,464
11,old,new,0,1428
11,new,new,1,812
11,old,old,1,896
11,new,new,1,1164
11,new,new,1,1201
11,new,new,1,902
11,new,new,1,781
11,new,new,1,1070
11,new,new,1,767
11,new,new,1,651
11,new,new,1,822
11,old,old,1,876
11,old,old,1,953
11,new,old,0,1482
11,new,new,1,1093
11,new,new,1,724
11,old,old,1,814
11,old,old,1,1075
11,new,new,1,622
11,new,new,1,1185
11,new,new,1,886
11,old,new,0,1037
11,new,new,1,540
11,old,old,1,943
11,old,old,1,743
11,old,old,1,917
11,old,old,1,1020
11,new,old,0,1258
11,new,new,1,796
11,new,old,0,913
11,old,old,1,710
11,new,new,1,1014
11,old,old,1,548
11,new,new,1,1128
11,old,new,0,1154
11,old,new,0,676
11,old,new,0,1069
11,old,old,1,787
11,old,old,1,877
11,new,new,1,903
11,old,old,1,1044
11,old,old,1,929
11,old,old,1,948
11,new,old,0,1155
11,old,new,0,1218
11,old,old,1,714
11,new,old,0,1125
11,old,old,1,767
11,new,new,1,1055
11,old,old,1,947
11,new,old,0,1023
11,old,new,0,1055
11,old,old,1,898
11,new,new,1,719
11,new,new,1,844
11,old,old,1,880
11,new,old,0,1003
11,new,new,1,625
11,old,old,1,977
11,old,old,1,904
11,old,old,1,1272
11,new,new,1,995
11,new,new,1,757
11,old,new,0,1009
11,old,old,1,872
11,new,new,1,669
11,new,old,0,874
12,old,old,1,734
12,new,old,0,1244
12,old,new,0,820
12,old,new,0,1118
12,old,old,1,1069
12,old,old,1,671
12,new,old,0,842
12,new,new,1,721
12,old,old,1,653
12,old,old,1,636
12,old,old,1,1260
12,new,new,1,796
12,new,new,1,889
12,old,old,1,1176
12,old,old,1,726
12,new,new,1,1015
12,old,old,1,731
12,old,old,1,811
12,old,old,1,744
12,new,new,1,852
12,new,old,0,1141
12,new,old,0,856
12,old,old,1,668
12,old,new,0,1168
12,old,old,1,1022
12,new,new,1,1009
12,new,new,1,1216
12,new,old,0,1589
12,new,new,1,1047
12,old,new,0,1293
12,new,new,1,839
12,new,new,1,744
12,new,new,1,860
12,old,old,1,1115
12,old,old,1,709
12,new,new,1,868
12,new,new,1,755
12,old,old,1,639
12,old,old,1,890
12,new,new,1,871
12,new,old,0,1237
12,old,old,1,863
12,new,new,1,760
12,old,old,1,914
12,new,new,1,1123
12,old,old,1,604
12,old,new,0,1118
12,new,new,1,971
12,old,old,1,706
12,old,old,1,970
12,old,new,0,1078
12,new,new,1,729
12,new,old,0,1109
12,old,new,0,1140
12,old,old,1,1243
12,new,old,0,1247
12,new,new,1,887
12,new,new,1,1111
12,new,new,1,902
12,new,old,0,1128
12,new,new,1,1206
12,old,old,1,1021
12,old,new,0,1180
12,new,new,1,930
12,new,new,1,827
12,old,old,1,634
12,old,new,0,963
12,old,new,0,934
12,new,new,1,836
12,old,old,1,732
12,new,new,1,741
12,old,old,1,901
12,new,new,1,754
12,old,old,1,948
12,new,old,0,951
12,old,new,0,1237
12,new,new,1,881
12,old,new,0,804
12,old,old,1,951
12,old,old,1,665
12,new,new,1,817
12,old,old,1,570
12,new,new,1,676
12,new,old,0,893
12,new,new,1,790
12,old,new,0,758
12,new,new,1,755
12,old,old,1,995
12,new,new,1,838
12,old,old,1,697
12,old,old,1,599
12,new,new,1,981
12,old,new,0,1057
12,new,new,1,919
12,new,new,1,681
12,old,old,1,755
12,old,old,1,526
12,new,new,1,498
12,new,old,0,1002
12,old,old,1,860
12,old,old,1,788
12,new,new,1,853
12,old,old,1,790
12,old,old,1,826
12,new,new,1,604
12,new,new,1,1013
12,new,new,1,1074
12,new,new,1,1067
12,new,new,1,1020
12,old,old,1,626
12,new,old,0,1341
12,old,old,1,917
12,old,old,1,756
12,new,new,1,661
12,old,old,1,754
12,new,new,1,758
12,old,old,1,669
12,old,old,1,890
12,new,new,1,945
12,new,new,1,723
13,new,old,0,1053
13,old,new,0,1263
13,new,new,1,844
13,new,new,1,787
13,new,new,1,770
13,new,new,1,875
13,new,new,1,1290
13,new,new,1,654
13,old,new,0,1412
13,new,new,1,1009
13,new,new,1,854
13,new,new,1,895
13,new,new,1,1275
13,new,new,1,1018
13,old,old,1,898
13,new,old,0,947
13,old,old,1,648
13,new,new,1,960
13,new,old,0,1081
13,new,old,0,930
13,new,new,1,1017
13,new,new,1,1011
13,old,old,1,784
13,old,old,1,922
13,new,new,1,613
13,old,old,1,584
13,old,old,1,845
13,new,old,0,997
13,old,new,0,984
13,old,old,1,725
13,new,old,0,1075
13,new,old,0,961
13,new,new,1,680
13,new,new,1,759
13,old,old,1,810
13,old,old,1,496
13,new,old,0,1214
13,old,old,1,608
13,new,new,1,1071
13,old,old,1,688
13,old,new,0,1417
13,old,old,1,552
13,old,old,1,841
13,new,new,1,971
13,old,old,1,594
13,old,old,1,632
13,new,new,1,1242
13,old,old,1,1039
13,new,new,1,1047
13,new,old,0,898
13,new,new,1,850
13,new,new,1,667
13,new,new,1,865
13,new,old,0,1092
13,new,old,0,952
13,old,old,1,827
13,new,new,1,1035
13,old,old,1,916
13,new,new,1,785
13,old,old,1,544
13,old,old,1,1019
13,new,new,1,1000
13,new,new,1,1027
13,old,old,1,437
13,old,old,1,588
13,old,old,1,837
13,new,new,1,910
13,new,old,0,1084
13,old,old,1,546
13,new,new,1,1070
13,old,old,1,642
13,old,old,1,905
13,new,new,1,884
13,new,old,0,999
13,old,old,1,911
13,new,new,1,976
13,new,new,1,764
13,old,new,0,1157
13,old,old,1,1018
13,new,new,1,822
13,new,new,1,1144
13,old,old,1,1178
13,old,new,0,999
13,old,old,1,726
13,new,old,0,1127
13,new,old,0,1162
13,old,old,1,723
13,old,old,1,958
13,old,old,1,626
13,old,new,0,995
13,old,old,1,1048
13,new,new,1,657
13,old,old,1,716
13,new,new,1,616
13,old,old,1,628
13,new,new,1,894
13,new,new,1,1245
13,new,old,0,1106
13,old,old,1,815
13,old,old,1,722
13,old,old,1,547
13,new,new,1,913
13,old,old,1,1129
13,new,new,1,1089
13,old,old,1,805
13,old,old,1,1029
13,new,old,0,1215
13,old,old,1,957
13,old,old,1,752
13,old,old,1,731
13,new,new,1,662
13,old,old,1,842
13,new,new,1,1266
13,old,new,0,1330
13,old,old,1,812
13,old,old,1,716
13,old,new,0,584
13,old,old,1,838
13,old,old,1,1022
13,old,old,1,1082
14,new,new,1,497
14,old,new,0,1109
14,old,old,1,669
14,new,new,1,818
14,old,old,1,1149
14,old,old,1,1088
14,new,new,1,893
14,old,old,1,949
14,new,new,1,710
14,new,new,1,793
14,new,new,1,870
14,old,old,1,810
14,new,new,1,900
14,old,old,1,804
14,new,new,1,971
14,new,new,1,996
14,old,old,1,1084
14,old,old,1,661
14,new,new,1,1150
14,new,new,1,709
14,old,old,1,696
14,new,new,1,929
14,old,old,1,722
14,new,new,1,722
14,new,new,1,979
14,new,new,1,791
14,new,new,1,702
14,old,old,1,962
14,old,old,1,791
14,old,old,1,800
14,new,new,1,1175
14,old,old,1,891
14,old,old,1,1321
14,old,old,1,860
14,old,old,1,1136
14,old,old,1,942
14,new,new,1,861
14,old,old,1,807
14,old,old,1,946
14,old,old,1,696
14,old,new,0,997
14,old,old,1,825
14,old,old,1,690
14,new,old,0,1015
14,old,old,1,595
14,new,new,1,876
14,old,old,1,615
14,old,old,1,1182
14,old,new,0,1060
14,old,old,1,1011
14,new,new,1,953
14,new,new,1,864
14,new,new,1,697
14,old,old,1,930
14,new,new,1,1002
14,new,new,1,764
14,old,old,1,912
14,old,new,0,1230
14,old,old,1,635
14,old,old,1,740
14,old,old,1,967
14,new,new,1,1153
14,new,new,1,543
14,new,new,1,857
14,new,new,1,967
14,old,old,1,795
14,new,new,1,1296
14,new,new,1,1108
14,old,old,1,679
14,new,new,1,1201
14,new,new,1,1075
14,old,old,1,860
14,new,new,1,742
14,new,new,1,1100
14,old,old,1,908
14,old,old,1,979
14,old,old,1,763
14,new,new,1,678
14,old,old,1,982
14,new,new,1,1156
14,old,old,1,1078
14,old,old,1,774
14,new,new,1,667
14,old,old,1,896
14,new,old,0,1205
14,new,new,1,847
14,new,new,1,898
14,old,old,1,880
14,new,new,1,1131
14,new,old,0,812
14,new,new,1,1008
14,old,old,1,935
14,new,new,1,806
14,new,new,1,972
14,new,new,1,549
14,new,old,0,876
14,old,old,1,925
14,new,old,0,1060
14,old,old,1,1295
14,new,new,1,865
14,new,new,1,836
14,old,old,1,629
14,new,new,1,879
14,old,old,1,873
14,new,new,1,603
14,old,old,1,589
14,new,new,1,1209
14,old,new,0,1044
14,old,new,0,1111
14,new,new,1,651
14,new,new,1,1031
14,old,old,1,853
14,old,old,1,1060
14,old,new,0,1136
14,old,old,1,847
14,new,new,1,916
14,new,new,1,798
14,old,old,1,805
14,new,new,1,931
14,new,new,1,878
15,old,old,1,745
15,new,new,1,1019
15,new,new,1,1205
15,old,new,0,1313
15,new,new,1,959
15,old,new,0,968
15,old,new,0,1128
15,new,new,1,838
15,new,new,1,705
15,new,new,1,1053
15,old,old,1,1008
15,new,new,1,899
15,old,new,0,1324
15,new,new,1,759
15,old,old,1,923
15,new,new,1,635
15,old,old,1,548
15,old,new,0,1062
15,old,old,1,969
15,new,new,1,944
15,old,old,1,797
15,new,new,1,767
15,old,old,1,683
15,old,old,1,1108
15,new,new,1,762
15,old,old,1,721
15,old,old,1,923
15,new,new,1,708
15,new,new,1,1083
15,old,old,1,814
15,new,new,1,916
15,old,old,1,526
15,new,new,1,966
15,old,old,1,889
15,old,new,0,1042
15,new,new,1,855
15,new,new,1,939
15,new,new,1,615
15,new,new,1,798
15,old,old,1,870
15,new,new,1,1013
15,new,new,1,957
15,new,new,1,911
15,new,new,1,817
15,new,new,1,696
15,new,new,1,1070
15,new,new,1,1250
15,old,old,1,794
15,new,new,1,821
15,old,old,1,705
15,new,new,1,658
15,old,old,1,809
15,old,old,1,915
15,old,old,1,1092
15,new,new,1,849
15,new,new,1,478
15,old,old,1,832
15,old,old,1,867
15,old,new,0,1326
15,old,old,1,910
15,new,new,1,740
15,old,old,1,886
15,new,new,1,1152
15,new,new,1,813
15,old,old,1,941
15,old,old,1,809
15,new,new,1,923
15,new,new,1,815
15,new,new,1,909
15,new,new,1,1083
15,old,new,0,1050
15,new,new,1,1015
15,new,new,1,797
15,old,new,0,983
15,old,old,1,978
15,old,old,1,832
15,old,new,0,979
15,old,old,1,486
15,old,old,1,451
15,old,old,1,1019
15,new,new,1,694
15,new,new,1,903
15,old,old,1,580
15,old,old,1,911
15,old,old,1,1085
15,old,new,0,881
15,new,new,1,968
15,new,new,1,878
15,old,new,0,1051
15,old,old,1,846
15,old,old,1,669
15,new,new,1,830
15,new,new,1,591
15,old,old,1,685
15,new,new,1,656
15,old,new,0,933
15,new,new,1,805
15,old,old,1,807
15,old,old,1,494
15,new,new,1,1026
15,new,new,1,777
15,old,new,0,1073
15,new,new,1,907
15,old,new,0,720
15,old,old,1,1143
15,old,old,1,652
15,old,old,1,773
15,new,new,1,778
15,new,new,1,963
15,old,old,1,830
15,new,new,1,898
15,old,new,0,765
15,new,new,1,880
15,new,new,1,876
15,new,old,0,1134
15,new,new,1,1478
15,old,new,0,624
15,old,old,1,738
15,new,new,1,688
15,new,new,1,902
16,old,new,0,792
16,old,new,0,941
16,new,new,1,719
16,new,new,1,754
16,new,old,0,869
16,old,old,1,1227
16,new,new,1,881
16,new,new,1,924
16,new,new,1,848
16,new,old,0,1022
16,old,old,1,737
16,old,old,1,975
16,new,new,1,986
16,old,old,1,800
16,old,old,1,1020
16,old,old,1,719
16,new,new,1,641
16,new,new,1,738
16,new,old,0,1001
16,new,new,1,527
16,new,new,1,789
16,old,old,1,788
16,old,old,1,853
16,old,old,1,803
16,new,new,1,897
16,new,new,1,1198
16,old,old,1,799
16,old,old,1,687
16,old,old,1,1266
16,old,old,1,988
16,new,new,1,1144
16,old,old,1,844
16,new,new,1,359
16,new,new,1,643
16,old,new,0,810
16,old,old,1,989
16,new,new,1,361
16,old,old,1,859
16,new,new,1,962
16,new,new,1,807
16,old,new,0,1244
16,old,old,1,736
16,old,old,1,624
16,new,new,1,883
16,new,new,1,952
16,new,old,0,994
16,old,old,1,729
16,old,old,1,697
16,old,new,0,1215
16,old,old,1,1053
16,new,new,1,1078
16,old,new,0,956
16,new,new,1,951
16,old,old,1,772
16,new,new,1,982
16,new,new,1,985
16,new,new,1,949
16,new,new,1,728
16,old,old,1,942
16,new,new,1,610
16,old,new,0,788
16,new,new,1,890
16,old,old,1,940
16,new,new,1,684
16,old,old,1,886
16,new,new,1,809
16,old,old,1,1108
16,new,new,1,791
16,new,new,1,797
16,old,old,1,893
16,old,old,1,781
16,new,new,1,1054
16,old,old,1,362
16,old,old,1,986
16,new,new,1,703
16,new,new,1,981
16,old,old,1,682
16,new,new,1,746
16,new,new,1,503
16,new,old,0,1286
16,old,new,0,1118
16,old,old,1,1126
16,new,new,1,561
16,new,new,1,578
16,new,new,1,1315
16,old,old,1,1163
16,old,old,1,723
16,old,old,1,583
16,new,new,1,1035
16,new,new,1,1041
16,old,old,1,872
16,old,old,1,1027
16,old,new,0,935
16,old,old,1,391
16,new,old,0,1051
16,old,old,1,638
16,new,new,1,1125
16,old,old,1,753
16,new,new,1,681
16,old,old,1,798
16,new,old,0,940
16,old,old,1,1014
16,new,new,1,1020
16,new,new,1,869
16,old,old,1,951
16,old,new,0,1213
16,new,new,1,1207
16,old,old,1,691
16,new,new,1,918
16,new,new,1,490
16,old,old,1,700
16,new,old,0,926
16,old,old,1,591
16,new,new,1,676
16,new,new,1,802
16,old,old,1,648
16,old,new,0,994
16,old,old,1,1105
16,new,new,1,938
16,old,old,1,724
17,new,new,1,1120
17,old,old,1,761
17,new,new,1,1106
17,new,old,0,1113
17,old,old,1,611
17,old,old,1,675
17,new,new,1,735
17,new,new,1,650
17,old,old,1,999
17,old,old,1,676
17,new,new,1,959
17,new,old,0,1111
17,old,old,1,824
17,old,old,1,811
17,new,new,1,970
17,old,old,1,589
17,new,old,0,1116
17,old,old,1,770
17,old,old,1,1065
17,old,old,1,919
17,old,old,1,1180
17,new,new,1,880
17,new,old,0,1130
17,new,old,0,975
17,old,old,1,813
17,new,new,1,818
17,new,new,1,938
17,old,old,1,900
17,old,old,1,1064
17,old,old,1,602
17,new,new,1,1316
17,old,old,1,929
17,old,new,0,902
17,old,new,0,1347
17,old,old,1,1247
17,old,old,1,1058
17,new,new,1,1078
17,new,old,0,1282
17,old,old,1,1104
17,old,old,1,827
17,old,old,1,728
17,new,old,0,802
17,old,old,1,923
17,new,old,0,1283
17,new,new,1,1015
17,old,old,1,853
17,old,old,1,1078
17,new,old,0,918
17,new,new,1,677
17,new,new,1,684
17,new,old,0,892
17,new,old,0,1257
17,old,old,1,951
17,new,new,1,921
17,old,old,1,821
17,new,old,0,1249
17,old,old,1,759
17,new,new,1,974
17,new,old,0,1121
17,old,old,1,916
17,new,new,1,981
17,old,new,0,867
17,new,old,0,1262
17,old,old,1,642
17,new,new,1,685
17,old,old,1,906
17,new,new,1,935
17,old,old,1,727
17,old,old,1,708
17,old,old,1,668
17,new,new,1,663
17,old,old,1,883
17,old,old,1,1088
17,old,old,1,860
17,old,old,1,471
17,new,new,1,981
17,new,old,0,1190
17,old,old,1,703
17,old,old,1,1022
17,old,old,1,1071
17,new,new,1,1049
17,old,old,1,1111
17,new,new,1,791
17,new,new,1,684
17,old,old,1,528
17,old,old,1,759
17,new,old,0,1333
17,new,old,0,1174
17,new,new,1,949
17,new,old,0,1102
17,old,old,1,806
17,new,old,0,999
17,new,old,0,1252
17,new,old,0,1088
17,new,new,1,725
17,new,new,1,992
17,new,new,1,1145
17,new,new,1,705
17,new,new,1,801
17,old,old,1,915
17,old,old,1,795
17,new,old,0,1282
17,old,new,0,1200
17,old,old,1,959
17,old,old,1,859
17,new,old,0,1119
17,old,old,1,886
17,new,old,0,814
17,new,new,1,1008
17,old,old,1,1026
17,new,new,1,582
17,new,new,1,876
17,old,old,1,1312
17,new,new,1,935
17,new,new,1,850
17,old,old,1,672
17,new,old,0,994
17,old,new,0,963
17,old,old,1,794
17,old,old,1,708
18,new,new,1,815
18,old,old,1,823
18,old,old,1,986
18,new,new,1,1138
18,old,old,1,701
18,new,new,1,957
18,new,new,1,761
18,old,old,1,974
18,new,old,0,1052
18,old,old,1,658
18,old,old,1,778
18,new,new,1,778
18,old,old,1,594
18,old,old,1,1167
18,old,old,1,782
18,new,new,1,699
18,old,old,1,622
18,new,new,1,1041
18,new,new,1,1081
18,old,old,1,762
18,old,old,1,1012
18,new,old,0,1212
18,old,old,1,1059
18,old,old,1,988
18,new,old,0,1183
18,new,new,1,846
18,new,old,0,869
18,new,new,1,955
18,old,old,1,919
18,new,old,0,982
18,new,new,1,908
18,new,new,1,464
18,old,new,0,1006
18,new,new,1,787
18,old,old,1,857
18,old,old,1,1095
18,new,new,1,980
18,old,old,1,1067
18,old,new,0,1482
18,old,old,1,911
18,new,new,1,829
18,old,old,1,576
18,new,new,1,752
18,new,new,1,873
18,old,old,1,926
18,new,new,1,506
18,old,old,1,1163
18,new,new,1,972
18,new,new,1,975
18,new,old,0,902
18,new,new,1,651
18,old,old,1,948
18,old,new,0,1204
18,new,new,1,688
18,old,old,1,1132
18,new,new,1,744
18,new,new,1,874
18,new,new,1,799
18,new,new,1,839
18,old,old,1,980
18,old,old,1,1097
18,old,old,1,1312
18,new,new,1,912
18,old,old,1,971
18,old,old,1,607
18,new,new,1,816
18,new,new,1,1006
18,old,old,1,1048
18,new,new,1,967
18,old,old,1,970
18,old,old,1,693
18,new,new,1,885
18,old,old,1,1230
18,old,old,1,638
18,old,old,1,516
18,old,old,1,977
18,old,old,1,902
18,old,old,1,921
18,new,new,1,497
18,old,old,1,699
18,old,old,1,961
18,old,old,1,835
18,old,old,1,973
18,new,new,1,960
18,new,new,1,886
18,old,new,0,1348
18,old,old,1,937
18,old,old,1,818
18,old,old,1,1213
18,new,new,1,860
18,new,new,1,288
18,new,old,0,955
18,new,old,0,1224
18,old,old,1,919
18,new,new,1,472
18,old,old,1,596
18,new,old,0,992
18,new,new,1,668
18,new,old,0,783
18,old,old,1,810
18,new,old,0,1217
18,old,old,1,851
18,old,new,0,1251
18,new,new,1,537
18,new,old,0,1011
18,old,old,1,788
18,old,new,0,1132
18,old,old,1,850
18,new,old,0,1219
18,new,new,1,626
18,old,old,1,582
18,new,new,1,679
18,new,old,0,984
18,new,new,1,1031
18,new,new,1,1224
18,new,old,0,1091
18,new,new,1,1077
18,old,new,0,1322
18,old,old,1,858
18,new,new,1,515
19,new,new,1,1015
19,new,new,1,1010
19,old,old,1,752
19,new,new,1,799
19,new,new,1,888
19,old,new,0,1008
19,new,old,0,969
19,new,new,1,799
19,old,old,1,804
19,new,new,1,886
19,old,old,1,585
19,old,old,1,823
19,new,new,1,1096
19,old,new,0,1102
19,old,old,1,1053
19,new,new,1,734
19,new,new,1,644
19,new,new,1,1196
19,new,new,1,797
19,new,new,1,1224
19,old,old,1,1105
19,new,new,1,855
19,old,old,1,1064
19,old,new,0,788
19,new,new,1,1324
19,new,new,1,754
19,old,old,1,862
19,new,new,1,1176
19,old,new,0,886
19,new,new,1,795
19,old,new,0,692
19,new,new,1,876
19,new,old,0,998
19,old,new,0,1022
19,old,old,1,829
19,old,old,1,829
19,new,new,1,848
19,old,new,0,1319
19,new,old,0,922
19,old,old,1,873
19,old,old,1,1084
19,new,new,1,387
19,new,new,1,864
19,old,old,1,492
19,old,old,1,797
19,new,new,1,1056
19,new,new,1,938
19,old,old,1,934
19,old,new,0,743
19,new,new,1,449
19,new,new,1,757
19,old,old,1,938
19,new,new,1,725
19,old,old,1,640
19,old,old,1,1038
19,old,old,1,1096
19,new,new,1,969
19,old,old,1,983
19,new,new,1,817
19,old,old,1,1048
19,old,old,1,622
19,old,old,1,931
19,old,old,1,733
19,new,new,1,689
19,old,old,1,910
19,new,old,0,1131
19,old,old,1,705
19,new,new,1,978
19,old,old,1,556
19,new,new,1,655
19,new,new,1,1082
19,new,new,1,1060
19,old,new,0,1198
19,old,new,0,1074
19,new,new,1,1031
19,old,new,0,955
19,old,old,1,877
19,new,new,1,536
19,old,old,1,879
19,old,old,1,954
19,old,old,1,963
19,old,old,1,1115
19,old,old,1,731
19,new,new,1,802
19,new,new,1,468
19,new,new,1,712
19,old,old,1,959
19,new,new,1,634
19,old,old,1,694
19,old,old,1,1098
19,old,old,1,816
19,old,old,1,1149
19,new,new,1,1077
19,new,new,1,1060
19,old,new,0,766
19,old,old,1,1227
19,old,old,1,941
19,old,old,1,748
19,new,new,1,929
19,old,new,0,1220
19,new,new,1,1050
19,old,old,1,667
19,new,new,1,1258
19,new,old,0,685
19,old,old,1,976
19,new,new,1,1033
19,new,new,1,443
19,new,old,0,1180
19,new,old,0,1106
19,old,old,1,684
19,new,new,1,877
19,new,new,1,1052
19,new,new,1,719
19,new,new,1,664
19,old,old,1,756
19,new,new,1,1010
19,new,new,1,713
19,old,old,1,851
19,new,old,0,725
19,old,old,1,808
20,new,old,0,1155
20,new,old,0,937
20,new,old,0,964
20,old,old,1,1037
20,old,old,1,667
20,old,old,1,848
20,old,old,1,775
20,old,old,1,648
20,new,old,0,1112
20,old,old,1,963
20,new,new,1,590
20,new,new,1,657
20,new,old,0,1200
20,old,old,1,968
20,old,old,1,563
20,new,old,0,849
20,old,old,1,1024
20,new,old,0,1158
20,old,new,0,997
20,old,old,1,1063
20,new,old,0,1043
20,new,old,0,927
20,old,old,1,1011
20,new,new,1,835
20,new,old,0,1060
20,old,old,1,1149
20,new,old,0,895
20,new,new,1,974
20,new,old,0,1352
20,new,old,0,1112
20,new,old,0,724
20,new,new,1,485
20,new,old,0,1430
20,old,old,1,969
20,new,old,0,982
20,old,new,0,711
20,new,new,1,1273
20,new,new,1,1010
20,old,old,1,727
20,old,old,1,739
20,old,old,1,648
20,new,old,0,1257
20,old,new,0,742
20,old,new,0,1042
20,new,new,1,585
20,new,new,1,938
20,new,new,1,761
20,old,old,1,809
20,new,old,0,1179
20,old,old,1,758
20,old,old,1,994
20,new,new,1,1133
20,new,new,1,807
20,new,new,1,1001
20,old,old,1,754
20,new,new,1,1023
20,new,old,0,1039
20,old,old,1,883
20,old,new,0,1270
20,old,old,1,788
20,old,old,1,852
20,new,new,1,1083
20,old,old,1,552
20,old,old,1,601
20,old,old,1,986
20,old,new,0,1121
20,old,old,1,735
20,old,old,1,933
20,new,new,1,583
20,new,old,0,1028
20,new,new,1,976
20,old,old,1,603
20,new,old,0,1170
20,new,old,0,1014
20,new,old,0,831
20,old,old,1,939
20,new,new,1,881
20,new,old,0,818
20,old,old,1,1259
20,old,old,1,766
20,old,old,1,736
20,old,new,0,905
20,old,old,1,739
20,new,new,1,711
20,old,old,1,848
20,new,old,0,768
20,old,old,1,801
20,new,new,1,630
20,old,old,1,474
20,new,old,0,1115
20,new,new,1,1102
20,old,old,1,835
20,old,old,1,906
20,old,old,1,810
20,new,old,0,1151
20,new,old,0,1001
20,old,new,0,842
20,new,old,0,937
20,old,old,1,791
20,old,old,1,658
20,new,old,0,884
20,new,new,1,953
20,new,new,1,926
20,old,old,1,943
20,old,old,1,410
20,old,old,1,599
20,old,new,0,1055
20,new,old,0,865
20,old,old,1,912
20,new,old,0,997
20,new,old,0,923
20,old,old,1,981
20,old,new,0,1319
20,old,old,1,917
20,new,new,1,685
20,old,old,1,975
20,new,old,0,1083
20,old,new,0,1180
20,new,old,0,1180
20,new,old,0,1242
21,old,old,1,808
21,new,new,1,1177
21,new,new,1,1050
21,new,new,1,1041
21,old,old,1,672
21,old,old,1,1039
21,new,new,1,962
21,new,new,1,808
21,new,new,1,884
21,new,new,1,784
21,new,new,1,844
21,old,old,1,744
21,old,old,1,1000
21,new,old,0,948
21,old,old,1,1052
21,old,old,1,1063
21,old,new,0,1364
21,old,old,1,1114
21,old,old,1,784
21,new,new,1,961
21,old,old,1,482
21,old,new,0,1257
21,old,old,1,739
21,old,old,1,1021
21,old,old,1,1069
21,old,old,1,805
21,new,old,0,957
21,new,old,0,1313
21,old,old,1,726
21,new,new,1,779
21,new,old,0,773
21,new,new,1,829
21,new,new,1,1078
21,new,new,1,459
21,old,old,1,1131
21,old,old,1,706
21,old,old,1,969
21,new,new,1,884
21,old,old,1,962
21,new,new,1,1206
21,old,old,1,294
21,old,old,1,710
21,old,old,1,1065
21,new,new,1,885
21,new,old,0,1093
21,old,old,1,685
21,new,old,0,1370
21,new,new,1,987
21,new,old,0,1137
21,new,new,1,574
21,old,old,1,962
21,old,old,1,819
21,new,new,1,1068
21,new,old,0,1091
21,old,new,0,980
21,old,old,1,650
21,old,old,1,980
21,new,new,1,976
21,old,old,1,912
21,new,new,1,961
21,new,new,1,834
21,new,new,1,894
21,new,new,1,829
21,old,old,1,687
21,old,old,1,774
21,new,new,1,489
21,old,old,1,1178
21,old,old,1,694
21,old,old,1,1375
21,new,new,1,1172
21,new,old,0,1291
21,new,new,1,854
21,old,old,1,973
21,old,old,1,854
21,old,old,1,763
21,old,old,1,976
21,new,new,1,681
21,new,new,1,997
21,old,old,1,629
21,new,new,1,834
21,old,old,1,795
21,new,new,1,842
21,new,new,1,935
21,new,new,1,752
21,new,new,1,1046
21,new,new,1,1185
21,new,old,0,943
21,old,old,1,596
21,old,new,0,1184
21,new,new,1,879
21,new,new,1,829
21,new,new,1,864
21,old,old,1,882
21,new,old,0,916
21,old,old,1,1042
21,old,old,1,838
21,new,new,1,1040
21,old,old,1,1171
21,new,new,1,698
21,new,new,1,515
21,new,new,1,899
21,old,old,1,894
21,old,old,1,870
21,old,old,1,1001
21,old,old,1,1225
21,old,old,1,806
21,old,new,0,592
21,old,old,1,923
21,old,old,1,411
21,new,new,1,727
21,new,new,1,730
21,new,new,1,640
21,old,old,1,1007
21,old,old,1,856
21,new,new,1,815
21,new,new,1,756
21,new,old,0,930
21,new,old,0,872
21,old,old,1,961
21,old,new,0,1046
22,old,new,0,903
22,old,old,1,582
22,old,old,1,955
22,old,old,1,800
22,old,old,1,681
22,new,new,1,1081
22,old,old,1,1079
22,new,new,1,838
22,new,new,1,915
22,new,new,1,741
22,old,old,1,1004
22,old,old,1,602
22,new,new,1,945
22,new,new,1,725
22,new,new,1,973
22,old,old,1,993
22,old,old,1,680
22,old,new,0,1138
22,new,new,1,779
22,old,old,1,715
22,new,new,1,790
22,old,old,1,688
22,new,new,1,1212
22,new,new,1,815
22,old,old,1,1264
22,old,old,1,870
22,old,old,1,766
22,new,new,1,703
22,old,old,1,1120
22,old,old,1,810
22,old,old,1,951
22,old,old,1,757
22,new,new,1,866
22,old,old,1,680
22,old,old,1,692
22,new,new,1,916
22,old,old,1,1118
22,old,old,1,781
22,old,old,1,854
22,old,new,0,1014
22,old,new,0,898
22,old,old,1,891
22,old,new,0,1100
22,old,old,1,460
22,new,new,1,1315
22,new,new,1,1200
22,old,old,1,967
22,old,old,1,796
22,new,new,1,664
22,old,new,0,1067
22,new,new,1,806
22,new,new,1,907
22,old,old,1,805
22,old,old,1,1088
22,new,new,1,859
22,new,new,1,870
22,old,old,1,735
22,old,old,1,907
22,new,new,1,681
22,new,new,1,807
22,new,new,1,730
22,old,old,1,975
22,old,new,0,870
22,old,old,1,1141
22,new,new,1,778
22,new,new,1,713
22,new,new,1,856
22,new,new,1,959
22,old,old,1,593
22,new,new,1,1139
22,new,new,1,287
22,new,new,1,1143
22,new,new,1,805
22,new,new,1,1213
22,old,old,1,971
22,old,new,0,1071
22,old,old,1,735
22,old,old,1,1098
22,old,old,1,772
22,new,new,1,537
22,new,new,1,889
22,old,old,1,1017
22,old,old,1,616
22,new,new,1,977
22,new,new,1,907
22,new,new,1,762
22,new,new,1,1119
22,new,new,1,837
22,old,old,1,892
22,new,new,1,1071
22,old,new,0,1158
22,old,old,1,648
22,new,new,1,1115
22,new,new,1,1041
22,old,old,1,769
22,new,new,1,869
22,new,new,1,890
22,old,old,1,697
22,new,new,1,788
22,old,old,1,927
22,new,new,1,938
22,new,old,0,720
22,new,new,1,1200
22,new,old,0,1187
22,new,new,1,808
22,old,old,1,865
22,new,old,0,1218
22,old,old,1,944
22,new,old,0,1120
22,old,new,0,926
22,new,new,1,708
22,old,old,1,898
22,old,old,1,876
22,new,new,1,742
22,new,new,1,1074
22,new,new,1,886
22,old,old,1,908
22,new,new,1,1075
22,new,new,1,829
22,new,new,1,1047
23,new,old,0,858
23,new,new,1,804
23,old,old,1,777
23,old,new,0,966
23,new,new,1,985
23,old,old,1,1068
23,old,old,1,1087
23,new,new,1,863
23,new,old,0,1097
23,old,old,1,881
23,new,new,1,786
23,new,new,1,791
23,old,new,0,1323
23,new,new,1,777
23,old,old,1,865
23,old,new,0,846
23,new,old,0,1221
23,new,old,0,1419
23,new,new,1,617
23,new,new,1,880
23,old,old,1,533
23,new,new,1,867
23,old,old,1,877
23,new,new,1,1035
23,old,old,1,768
23,new,new,1,921
23,old,old,1,840
23,new,new,1,839
23,new,new,1,797
23,new,new,1,512
23,old,old,1,807
23,old,new,0,1138
23,old,old,1,573
23,new,old,0,652
23,old,old,1,635
23,old,old,1,795
23,old,old,1,1017
23,old,old,1,394
23,old,new,0,1322
23,old,old,1,759
23,old,old,1,1201
23,new,new,1,900
23,old,old,1,900
23,new,new,1,1048
23,old,old,1,898
23,new,new,1,973
23,old,old,1,520
23,old,new,0,1077
23,new,new,1,442
23,old,old,1,852
23,new,new,1,989
23,old,old,1,885
23,old,old,1,1273
23,new,new,1,1021
23,new,new,1,1226
23,new,new,1,537
23,old,old,1,1080
23,new,new,1,585
23,new,new,1,1126
23,new,new,1,860
23,new,new,1,545
23,old,old,1,742
23,old,old,1,629
23,new,new,1,1219
23,old,old,1,1006
23,old,old,1,841
23,old,old,1,788
23,new,new,1,778
23,new,new,1,938
23,old,old,1,1079
23,old,old,1,606
23,old,old,1,943
23,new,new,1,854
23,new,new,1,767
23,old,old,1,637
23,old,old,1,985
23,old,old,1,928
23,old,old,1,1148
23,old,old,1,950
23,old,new,0,1005
23,new,old,0,1412
23,old,old,1,659
23,old,old,1,685
23,new,new,1,755
23,new,old,0,996
23,old,old,1,822
23,old,old,1,657
23,old,old,1,851
23,new,new,1,723
23,old,old,1,1156
23,new,new,1,1289
23,new,new,1,624
23,new,new,1,759
23,old,old,1,1027
23,old,new,0,1262
23,new,old,0,1005
23,old,new,0,904
23,new,new,1,1019
23,new,new,1,808
23,new,new,1,1011
23,new,new,1,1043
23,new,new,1,383
23,old,old,1,1003
23,new,new,1,650
23,new,old,0,1126
23,new,new,1,309
23,new,new,1,872
23,new,new,1,1081
23,new,new,1,953
23,old,old,1,552
23,new,new,1,986
23,old,old,1,692
23,new,old,0,895
23,new,new,1,1130
23,old,new,0,920
23,new,new,1,744
23,old,old,1,889
23,new,new,1,1081
23,old,old,1,683
23,old,old,1,1070
24,old,old,1,911
24,old,new,0,1109
24,old,old,1,931
24,new,old,0,766
24,old,old,1,1004
24,new,old,0,985
24,new,new,1,742
24,old,old,1,937
24,new,old,0,789
24,old,new,0,1124
24,old,new,0,1482
24,new,old,0,935
24,new,new,1,946
24,old,new,0,869
24,new,new,1,1239
24,new,new,1,899
24,new,new,1,949
24,new,new,1,684
24,new,new,1,909
24,new,new,1,1105
24,new,new,1,835
24,old,old,1,793
24,new,old,0,1274
24,old,new,0,908
24,old,old,1,986
24,new,new,1,929
24,old,old,1,853
24,new,new,1,972
24,old,old,1,1207
24,old,old,1,669
24,old,old,1,629
24,new,new,1,873
24,new,old,0,1024
24,old,old,1,831
24,new,new,1,892
24,old,new,0,1149
24,old,old,1,583
24,new,new,1,1209
24,old,old,1,874
24,old,old,1,908
24,new,new,1,716
24,old,new,0,1047
24,old,old,1,953
24,new,old,0,1333
24,new,new,1,681
24,new,new,1,656
24,new,old,0,1103
24,old,old,1,1021
24,old,old,1,989
24,new,new,1,900
24,new,new,1,712
24,new,new,1,894
24,old,old,1,942
24,old,old,1,992
24,new,old,0,1075
24,old,old,1,728
24,old,old,1,790
24,old,new,0,871
24,old,new,0,1162
24,old,new,0,1009
24,new,old,0,651
24,new,old,0,934
24,old,old,1,580
24,new,old,0,1306
24,new,new,1,910
24,old,old,1,915
24,old,old,1,578
24,old,old,1,935
24,new,new,1,887
24,old,old,1,479
24,old,old,1,795
24,old,old,1,633
24,old,old,1,938
24,old,old,1,1008
24,old,new,0,748
24,old,old,1,610
24,new,new,1,968
24,old,old,1,996
24,new,new,1,953
24,new,new,1,1002
24,old,old,1,839
24,new,new,1,913
24,old,old,1,861
24,new,new,1,693
24,new,new,1,984
24,new,new,1,665
24,old,old,1,1167
24,old,new,0,932
24,old,new,0,847
24,new,old,0,1142
24,new,old,0,1275
24,old,old,1,1092
24,new,new,1,909
24,new,new,1,1058
24,new,new,1,996
24,new,new,1,858
24,new,new,1,910
24,new,new,1,1027
24,old,old,1,1030
24,new,new,1,1099
24,old,old,1,587
24,old,old,1,629
24,new,new,1,1187
24,new,new,1,596
24,new,old,0,1009
24,new,new,1,1002
24,old,old,1,856
24,new,old,0,991
24,new,new,1,936
24,old,old,1,812
24,new,new,1,904
24,old,old,1,999
24,old,old,1,1062
24,old,new,0,875
24,new,new,1,807
24,old,old,1,768
24,old,new,0,1175
24,new,new,1,1004
24,new,new,1,1289
24,old,old,1,1056
